%time,field.header.seq,field.header.stamp,field.header.frame_id,field.latitude,field.longitude,field.attitude,field.utm_easting,field.utm_northing,field.quality
1582906559249610845,4452,1582906559248914957,,42.33904679,-71.0842945783,4.087,328299.44325,4689525.2283,4
1582906559434287674,4453,1582906559433698892,,42.3390467717,-71.0842946083,4.087,328299.440728,4689525.22632,4
1582906559640672149,4454,1582906559639712095,,42.33904676,-71.084294645,4.09,328299.437676,4689525.2251,4
1582906559835671111,4455,1582906559835053920,,42.3390466517,-71.0842947967,4.077,328299.424886,4689525.21338,4
1582906560045125475,4456,1582906560044538974,,42.339046555,-71.0842954383,4.086,328299.371762,4689525.20394,4
1582906560238512146,4457,1582906560237931966,,42.33904644,-71.0842961117,4.093,328299.315978,4689525.19253,4
1582906560432439174,4458,1582906560431904077,,42.33904618,-71.08429675,4.083,328299.262684,4689525.16495,4
1582906560635549100,4459,1582906560635178089,,42.3390455033,-71.08429765,4.071,328299.186698,4689525.09163,4
1582906560838039305,4460,1582906560837317943,,42.339044505,-71.0842986633,4.096,328299.100501,4689524.98282,4
1582906561032913775,4461,1582906561032274007,,42.3390435683,-71.0842996633,4.103,328299.01557,4689524.88083,4
1582906561250756452,4462,1582906561249914884,,42.3390427267,-71.0843009333,4.11,328298.908654,4689524.78993,4
1582906561443919005,4463,1582906561443386077,,42.339041705,-71.0843024883,4.091,328298.77777,4689524.67962,4
1582906561637235768,4464,1582906561636342048,,42.3390403817,-71.08430394,4.11,328298.654577,4689524.53561,4
1582906561832029412,4465,1582906561831772089,,42.3390390767,-71.0843052867,4.137,328298.540084,4689524.39342,4
1582906562038516341,4466,1582906562038106918,,42.3390376983,-71.0843068717,4.128,328298.405758,4689524.24356,4
1582906562235460186,4467,1582906562234908103,,42.3390361683,-71.0843084133,4.129,328298.274588,4689524.07678,4
1582906562441562680,4468,1582906562441155910,,42.3390348783,-71.0843100867,4.133,328298.133225,4689523.93692,4
1582906562636058581,4469,1582906562635381937,,42.339033485,-71.0843121,4.104,328297.96357,4689523.78626,4
1582906562845657731,4470,1582906562844547033,,42.339031945,-71.0843140617,4.174,328297.797773,4689523.61922,4
1582906563039221514,4471,1582906563038389921,,42.3390305467,-71.084315695,4.181,328297.65941,4689523.46724,4
1582906563245824093,4472,1582906563245146036,,42.339029085,-71.0843177883,4.176,328297.482979,4689523.30916,4
1582906563440308652,4473,1582906563439778089,,42.33902768,-71.084319825,4.228,328297.311371,4689523.15726,4
1582906563635680564,4474,1582906563635019063,,42.3390261267,-71.0843217617,4.224,328297.147597,4689522.98869,4
1582906563838530681,4475,1582906563837855100,,42.339024515,-71.0843240417,4.219,328296.95538,4689522.81433,4
1582906564044134437,4476,1582906564043760061,,42.33902303,-71.0843260017,4.256,328296.78987,4689522.65339,4
1582906564239581248,4477,1582906564239047050,,42.3390216383,-71.0843279117,4.239,328296.628733,4689522.50271,4
1582906564434870267,4478,1582906564434382915,,42.3390199483,-71.08432977,4.245,328296.47104,4689522.3188,4
1582906564638301621,4479,1582906564637461900,,42.3390183667,-71.0843315617,4.263,328296.319134,4689522.14679,4
1582906564835572313,4480,1582906564835067033,,42.3390166933,-71.0843336067,4.237,328296.146109,4689521.96511,4
1582906565041728380,4481,1582906565041347980,,42.339015015,-71.0843355267,4.24,328295.983368,4689521.78262,4
1582906565247612655,4482,1582906565246759891,,42.3390134983,-71.084337335,4.246,328295.830266,4689521.61785,4
1582906565443019761,4483,1582906565442280054,,42.339011885,-71.08433922,4.223,328295.670585,4689521.44251,4
1582906565639225225,4484,1582906565638592958,,42.3390103667,-71.0843410333,4.243,328295.517067,4689521.27757,4
1582906565831712236,4485,1582906565831140995,,42.339008885,-71.08434313,4.219,328295.340307,4689521.11728,4
1582906566034205388,4486,1582906566033719062,,42.33900744,-71.084345335,4.2,328295.154722,4689520.96128,4
1582906566256092995,4487,1582906566255163908,,42.3390059567,-71.0843475417,4.304,328294.968895,4689520.80102,4
1582906566440750314,4488,1582906566440104961,,42.3390043967,-71.0843495183,4.325,328294.801808,4689520.63179,4
1582906566643638080,4489,1582906566643263101,,42.3390028933,-71.084351435,4.328,328294.639817,4689520.46872,4
1582906566842770288,4490,1582906566841595888,,42.3390014383,-71.0843531533,4.371,328294.494298,4689520.31063,4
1582906567043907135,4491,1582906567043212890,,42.339000005,-71.0843550817,4.35,328294.331537,4689520.15536,4
1582906567247992098,4492,1582906567247328042,,42.3389985067,-71.0843571417,4.333,328294.157752,4689519.99314,4
1582906567442475081,4493,1582906567441765069,,42.3389969833,-71.0843589867,4.353,328294.001611,4689519.82771,4
1582906567637994177,4494,1582906567637531995,,42.3389955,-71.0843608017,4.309,328293.848051,4689519.66666,4
1582906567846164935,4495,1582906567844640970,,42.3389936267,-71.0843628517,4.318,328293.674069,4689519.46278,4
1582906568043668263,4496,1582906568043241977,,42.338992095,-71.084364805,4.336,328293.508981,4689519.29665,4
1582906568234958022,4497,1582906568234375000,,42.338990485,-71.084366855,4.308,328293.335716,4689519.12201,4
1582906568437398810,4498,1582906568436996936,,42.3389888383,-71.08436906,4.328,328293.149582,4689518.94361,4
1582906568640106882,4499,1582906568639287948,,42.3389873167,-71.0843709283,4.34,328292.991524,4689518.77842,4
1582906568843263536,4500,1582906568843055963,,42.338985645,-71.0843727517,4.299,328292.836764,4689518.59647,4
1582906569042151095,4501,1582906569041888952,,42.338983835,-71.0843746883,4.32,328292.672291,4689518.3994,4
1582906569247684673,4502,1582906569247052907,,42.3389822267,-71.0843763867,4.314,328292.528002,4689518.22423,4
1582906569441557606,4503,1582906569440886974,,42.3389805733,-71.0843782883,4.284,328292.366839,4689518.04448,4
1582906569644087845,4504,1582906569643717050,,42.33897896,-71.084380155,4.31,328292.208668,4689517.86911,4
1582906569838453512,4505,1582906569838172912,,42.338977335,-71.08438206,4.293,328292.047307,4689517.69251,4
1582906570047597493,4506,1582906570047178983,,42.3389755067,-71.084383875,4.288,328291.892808,4689517.49315,4
1582906570241215299,4507,1582906570240042924,,42.338973945,-71.0843857567,4.319,328291.733542,4689517.32354,4
1582906570442107635,4508,1582906570441643953,,42.3389723983,-71.0843877933,4.3,328291.561548,4689517.15591,4
1582906570643065603,4509,1582906570642738103,,42.33897057,-71.0843898667,4.296,328291.385766,4689516.95707,4
1582906570836750253,4510,1582906570836518049,,42.338969015,-71.0843920783,4.312,328291.199332,4689516.78887,4
1582906571045359613,4511,1582906571044989109,,42.3389673467,-71.0843939833,4.281,328291.037854,4689516.60746,4
1582906571246425188,4512,1582906571246149063,,42.3389655583,-71.0843961517,4.301,328290.854355,4689516.41326,4
1582906571442630048,4513,1582906571442056894,,42.3389639267,-71.0843982267,4.307,328290.678971,4689516.23626,4
1582906571636268457,4514,1582906571635607957,,42.3389622417,-71.0844001483,4.279,328290.516074,4689516.05304,4
1582906571845045944,4515,1582906571844345092,,42.338960495,-71.084402285,4.305,328290.335297,4689515.8634,4
1582906572051747023,4516,1582906572051037073,,42.3389588633,-71.0844043267,4.284,328290.16266,4689515.68634,4
1582906572246745575,4517,1582906572245992898,,42.3389568583,-71.0844063517,4.27,328289.990379,4689515.46779,4
1582906572447541153,4518,1582906572447316884,,42.3389552483,-71.0844083217,4.295,328289.823704,4689515.29299,4
1582906572650999780,4519,1582906572649997949,,42.338953725,-71.0844103467,4.292,328289.652735,4689515.12792,4
1582906572847511766,4520,1582906572847125053,,42.338951995,-71.0844125233,4.295,328289.468708,4689514.94021,4
1582906573055602351,4521,1582906573055270910,,42.3389503567,-71.0844145533,4.311,328289.297013,4689514.76239,4
1582906573259000496,4522,1582906573258280038,,42.33894864,-71.084416405,4.28,328289.139797,4689514.57551,4
1582906573442653363,4523,1582906573442070007,,42.3389470117,-71.0844184,4.327,328288.971013,4689514.39872,4
1582906573640317461,4524,1582906573639214038,,42.3389454267,-71.084420365,4.312,328288.804818,4689514.22669,4
1582906573844603456,4525,1582906573843990087,,42.3389437433,-71.084422495,4.282,328288.624763,4689514.04407,4
1582906574038186850,4526,1582906574037611961,,42.3389420617,-71.084424635,4.303,328288.443888,4689513.86165,4
1582906574247029816,4527,1582906574246812105,,42.338940365,-71.08442657,4.285,328288.279861,4689513.67716,4
1582906574445856444,4528,1582906574444890975,,42.338938615,-71.0844284383,4.28,328288.121181,4689513.48661,4
1582906574645469868,4529,1582906574644409894,,42.338937005,-71.084430405,4.294,328287.954781,4689513.3118,4
1582906574852294336,4530,1582906574851669073,,42.33893538,-71.08443244,4.277,328287.78271,4689513.13547,4
1582906575054163749,4531,1582906575053672075,,42.3389336367,-71.0844346333,4.278,328287.597274,4689512.94631,4
1582906575252801073,4532,1582906575252156972,,42.3389320483,-71.0844368283,4.292,328287.412122,4689512.77437,4
1582906575446283755,4533,1582906575445842027,,42.338930265,-71.0844387967,4.253,328287.245113,4689512.58032,4
1582906575638307493,4534,1582906575637898921,,42.3389285483,-71.0844409533,4.29,328287.06277,4689512.39405,4
1582906575847442600,4535,1582906575846481084,,42.33892706,-71.0844429833,4.294,328286.891484,4689512.23288,4
1582906576051853968,4536,1582906576051383972,,42.3389253583,-71.0844450617,4.28,328286.715635,4689512.04813,4
1582906576246485552,4537,1582906576245929956,,42.33892369,-71.0844470767,4.306,328286.545094,4689511.86694,4
1582906576438280529,4538,1582906576437751054,,42.3389220433,-71.08444903,4.265,328286.379692,4689511.68803,4
1582906576647531189,4539,1582906576646986007,,42.3389201283,-71.084450985,4.271,328286.213423,4689511.47934,4
1582906576843656974,4540,1582906576842636108,,42.3389185467,-71.0844530417,4.289,328286.039686,4689511.30786,4
1582906577047446939,4541,1582906577046962022,,42.3389169317,-71.084455265,4.26,328285.852127,4689511.13301,4
1582906577271058631,4542,1582906577270387887,,42.3389151383,-71.0844574117,4.28,328285.670399,4689510.93821,4
1582906577446672095,4543,1582906577446046113,,42.3389135933,-71.084459385,4.289,328285.503627,4689510.77064,4
1582906577643005656,4544,1582906577642359972,,42.33891182,-71.0844611683,4.265,328285.351885,4689510.57732,4
1582906577848453463,4545,1582906577847958087,,42.3389102133,-71.0844631267,4.283,328285.186181,4689510.40287,4
1582906578051320028,4546,1582906578050847053,,42.3389085467,-71.084465295,4.298,328285.003013,4689510.22218,4
1582906578266205054,4547,1582906578265703916,,42.338906835,-71.0844672683,4.267,328284.835786,4689510.0361,4
1582906578442537645,4548,1582906578441114902,,42.338905185,-71.084469515,4.298,328284.64621,4689509.85741,4
1582906578646632553,4549,1582906578645893096,,42.3389035617,-71.0844716117,4.281,328284.469064,4689509.68139,4
1582906578839623348,4550,1582906578838824033,,42.3389018683,-71.0844735083,4.287,328284.308204,4689509.49719,4
1582906579039427630,4551,1582906579038897991,,42.33890026,-71.0844755633,4.284,328284.134531,4689509.32274,4
1582906579260018737,4552,1582906579259496927,,42.3388987833,-71.084477535,4.279,328283.968082,4689509.16275,4
1582906579451152724,4553,1582906579450586080,,42.3388970733,-71.0844796717,4.285,328283.787404,4689508.97719,4
1582906579645809551,4554,1582906579645198106,,42.338895505,-71.0844816617,4.283,328283.619195,4689508.80705,4
1582906579848601645,4555,1582906579848217964,,42.3388937583,-71.0844836217,4.255,328283.452972,4689508.61706,4
1582906580044106671,4556,1582906580043476104,,42.33889196,-71.0844857033,4.287,328283.276585,4689508.42157,4
1582906580250252814,4557,1582906580249722003,,42.3388903267,-71.0844876817,4.287,328283.10916,4689508.2442,4
1582906580447213934,4558,1582906580446448087,,42.3388886717,-71.0844895717,4.283,328282.948953,4689508.06424,4
1582906580650883234,4559,1582906580650104045,,42.3388869083,-71.0844916883,4.299,328282.769778,4689507.87271,4
1582906580844902051,4560,1582906580844269990,,42.3388852267,-71.0844938483,4.263,328282.587256,4689507.69033,4
1582906581049844340,4561,1582906581049307107,,42.33888328,-71.0844958067,4.248,328282.420626,4689507.47813,4
1582906581265987054,4562,1582906581265449047,,42.338881615,-71.0844978583,4.257,328282.247073,4689507.29738,4
1582906581448502086,4563,1582906581447752952,,42.3388799483,-71.0845000067,4.236,328282.065552,4689507.11665,4
1582906581644795072,4564,1582906581644220113,,42.33887816,-71.0845020117,4.25,328281.895509,4689506.92212,4
1582906581840383678,4565,1582906581839745044,,42.33887654,-71.084503975,4.256,328281.729356,4689506.7462,4
1582906582046464525,4566,1582906582045819997,,42.3388746867,-71.0845059283,4.211,328281.563391,4689506.54434,4
1582906582248974985,4567,1582906582248457908,,42.3388730483,-71.08450813,4.252,328281.377554,4689506.36687,4
1582906582441510065,4568,1582906582440834999,,42.3388714217,-71.08451029,4.254,328281.195181,4689506.1906,4
1582906582645262470,4569,1582906582644751071,,42.3388698133,-71.084512245,4.251,328281.029746,4689506.01595,4
1582906582839463342,4570,1582906582839231967,,42.3388681033,-71.0845143017,4.284,328280.855659,4689505.83022,4
1582906583047326712,4571,1582906583047056913,,42.3388664117,-71.084516275,4.25,328280.688487,4689505.64636,4
1582906583261965167,4572,1582906583261183023,,42.3388646983,-71.0845180633,4.278,328280.536497,4689505.45972,4
1582906583446160453,4573,1582906583445630073,,42.3388630067,-71.084520235,4.287,328280.352986,4689505.27626,4
1582906583642729351,4574,1582906583642396926,,42.3388613067,-71.0845223033,4.269,328280.177965,4689505.09167,4
1582906583843143909,4575,1582906583841717958,,42.3388595483,-71.0845244767,4.292,328279.994135,4689504.90081,4
1582906584051221145,4576,1582906584050440073,,42.3388578567,-71.0845267,4.272,328279.806368,4689504.71745,4
1582906584261314020,4577,1582906584260808944,,42.3388559967,-71.084528835,4.239,328279.625419,4689504.51522,4
1582906584445697460,4578,1582906584444822072,,42.3388543283,-71.08453094,4.274,328279.447464,4689504.33422,4
1582906584646504391,4579,1582906584646106004,,42.33885272,-71.084532995,4.265,328279.273791,4689504.15978,4
1582906584846495831,4580,1582906584845432043,,42.33885102,-71.0845351167,4.256,328279.094376,4689503.97529,4
1582906585047438493,4581,1582906585047074079,,42.3388492717,-71.0845373233,4.268,328278.907827,4689503.78561,4
1582906585263840064,4582,1582906585263317108,,42.3388475833,-71.08453942,4.229,328278.730504,4689503.60236,4
1582906585446732230,4583,1582906585446115016,,42.3388457433,-71.0845414733,4.251,328278.556337,4689503.40219,4
1582906585645769297,4584,1582906585645011901,,42.3388442033,-71.0845435683,4.275,328278.379555,4689503.23542,4
1582906585850244329,4585,1582906585849608898,,42.3388425167,-71.0845456267,4.24,328278.205394,4689503.05228,4
1582906586041827930,4586,1582906586041517019,,42.338840805,-71.08454796,4.252,328278.00851,4689502.86693,4
1582906586251377382,4587,1582906586251208066,,42.3388391883,-71.0845497433,4.255,328277.857195,4689502.69101,4
1582906586446601229,4588,1582906586446324110,,42.3388372583,-71.0845515567,4.218,328277.702555,4689502.48036,4
1582906586645361575,4589,1582906586645015001,,42.3388356267,-71.0845536083,4.276,328277.529093,4689502.30332,4
1582906586839565236,4590,1582906586838913917,,42.3388339717,-71.0845558533,4.264,328277.33964,4689502.12408,4
1582906587044016157,4591,1582906587043394088,,42.3388321317,-71.084558,4.26,328277.157785,4689501.9241,4
1582906587258138045,4592,1582906587257505893,,42.338830385,-71.0845601967,4.28,328276.972064,4689501.73458,4
1582906587438844021,4593,1582906587438129901,,42.3388286417,-71.0845622283,4.22,328276.799946,4689501.5451,4
1582906587644677630,4594,1582906587643390893,,42.3388268783,-71.084564385,4.261,328276.617475,4689501.35365,4
1582906587850945299,4595,1582906587850084066,,42.33882522,-71.0845663533,4.275,328276.450806,4689501.17348,4
1582906588047628399,4596,1582906588046554088,,42.3388235467,-71.084568465,4.204,328276.272287,4689500.99193,4
1582906588252913738,4597,1582906588252403974,,42.338821755,-71.0845706633,4.257,328276.086307,4689500.79742,4
1582906588447872646,4598,1582906588447192907,,42.33882006,-71.084572655,4.224,328275.917615,4689500.61323,4
1582906588649558214,4599,1582906588649059057,,42.3388182217,-71.0845746067,4.219,328275.751829,4689500.41304,4
1582906588849464400,4600,1582906588848644018,,42.3388164733,-71.0845765917,4.258,328275.583541,4689500.22291,4
1582906589043467030,4601,1582906589042814016,,42.33881492,-71.0845787683,4.225,328275.399994,4689500.05482,4
1582906589250097310,4602,1582906589249510049,,42.3388132367,-71.084581,4.227,328275.211563,4689499.8724,4
1582906589448783723,4603,1582906589447603940,,42.3388116167,-71.0845831883,4.252,328275.026874,4689499.69693,4
1582906589644045719,4604,1582906589643469095,,42.3388099517,-71.0845852933,4.198,328274.848927,4689499.5163,4
1582906589851322701,4605,1582906589850704908,,42.338808075,-71.0845872933,4.206,328274.679054,4689499.31195,4
1582906590043993065,4606,1582906590043289899,,42.338806385,-71.0845893317,4.217,328274.506532,4689499.1284,4
1582906590249503094,4607,1582906590248966932,,42.338804685,-71.0845913633,4.194,328274.334531,4689498.94373,4
1582906590446602375,4608,1582906590445913076,,42.33880297,-71.0845934517,4.221,328274.157821,4689498.75751,4
1582906590655777353,4609,1582906590655021905,,42.3388013433,-71.08459576,4.227,328273.963228,4689498.58155,4
1582906590851726911,4610,1582906590851035118,,42.3387995317,-71.084597685,4.204,328273.799711,4689498.38426,4
1582906591046180954,4611,1582906591045169115,,42.338797895,-71.0845997217,4.242,328273.627471,4689498.20664,4
1582906591254318909,4612,1582906591253817081,,42.33879636,-71.0846019217,4.237,328273.442052,4689498.04063,4
1582906591450053067,4613,1582906591449501037,,42.3387945933,-71.0846042633,4.195,328273.244331,4689497.84919,4
1582906591662091915,4614,1582906591661448955,,42.3387927833,-71.0846067083,4.237,328273.03798,4689497.65314,4
1582906591855998715,4615,1582906591855604887,,42.3387909567,-71.084608745,4.18,328272.865222,4689497.45441,4
1582906592053557414,4616,1582906592053056955,,42.3387889483,-71.08461077,4.208,328272.692932,4689497.23549,4
1582906592245624259,4617,1582906592244781970,,42.3387872533,-71.0846130633,4.2,328272.499388,4689497.05191,4
1582906592450305471,4618,1582906592449929952,,42.3387855533,-71.0846153633,4.185,328272.305281,4689496.86778,4
1582906592636888848,4619,1582906592636487960,,42.3387835733,-71.0846175333,4.183,328272.121122,4689496.6523,4
1582906592857183384,4620,1582906592856501102,,42.3387818533,-71.0846193083,4.198,328271.970212,4689496.46489,4
1582906593042745770,4621,1582906593042093992,,42.3387799383,-71.0846211867,4.166,328271.810258,4689496.25604,4
1582906593274868304,4622,1582906593274363040,,42.3387782567,-71.0846233367,4.218,328271.628558,4689496.07364,4
1582906593447807982,4623,1582906593446723937,,42.3387766733,-71.0846255783,4.192,328271.439575,4689495.90235,4
1582906593650196678,4624,1582906593649597883,,42.3387749183,-71.084627855,4.193,328271.247241,4689495.71207,4
1582906593855862575,4625,1582906593854784965,,42.33877332,-71.0846299583,4.227,328271.069613,4689495.53884,4
1582906594052337226,4626,1582906594051168918,,42.33877152,-71.08463186,4.171,328270.90805,4689495.3428,4
1582906594265229756,4627,1582906594264662027,,42.3387697233,-71.0846337817,4.197,328270.744848,4689495.14718,4
1582906594450432275,4628,1582906594450018882,,42.3387680017,-71.0846357833,4.216,328270.57526,4689494.96004,4
1582906594654788661,4629,1582906594654289007,,42.3387662167,-71.08463784,4.167,328270.400968,4689494.76599,4
1582906594852982758,4630,1582906594852251052,,42.3387644683,-71.084640155,4.187,328270.205494,4689494.57652,4
1582906595052319205,4631,1582906595051789999,,42.3387627417,-71.0846421317,4.19,328270.037951,4689494.38878,4
1582906595267813264,4632,1582906595267493963,,42.3387609667,-71.084643935,4.183,328269.884557,4689494.19532,4
1582906595452615457,4633,1582906595452081918,,42.3387592833,-71.08464575,4.209,328269.730451,4689494.01207,4
1582906595648751573,4634,1582906595648130893,,42.338757635,-71.0846479717,4.194,328269.542938,4689493.83352,4
1582906595850445311,4635,1582906595849936008,,42.3387559033,-71.0846506083,4.196,328269.32101,4689493.64656,4
1582906596047813957,4636,1582906596046842098,,42.338754175,-71.0846528067,4.202,328269.135202,4689493.45908,4
1582906596261970944,4637,1582906596260783910,,42.3387524333,-71.0846546883,4.165,328268.975445,4689493.26948,4
1582906596452327167,4638,1582906596451965093,,42.3387505183,-71.08465649,4.184,328268.821807,4689493.06047,4
1582906596646144946,4639,1582906596645426034,,42.338748985,-71.0846585617,4.202,328268.646964,4689492.89439,4
1582906596853144195,4640,1582906596852526903,,42.33874727,-71.0846607767,4.154,328268.459819,4689492.70843,4
1582906597047307443,4641,1582906597046643972,,42.338745515,-71.0846628217,4.187,328268.28657,4689492.51768,4
1582906597267220590,4642,1582906597266155958,,42.33874373,-71.084664615,4.176,328268.133972,4689492.32309,4
1582906597451147814,4643,1582906597450548887,,42.33874206,-71.0846666,4.185,328267.965897,4689492.14166,4
1582906597648079840,4644,1582906597647269010,,42.3387403317,-71.0846685317,4.187,328267.802058,4689491.95364,4
1582906597850398580,4645,1582906597849864006,,42.3387387733,-71.084670665,4.175,328267.622067,4689491.78491,4
1582906598046700444,4646,1582906598046204090,,42.338737175,-71.0846726533,4.145,328267.453912,4689491.61144,4
1582906598251286434,4647,1582906598250798940,,42.3387355533,-71.0846744967,4.171,328267.29764,4689491.43509,4
1582906598455979534,4648,1582906598455405950,,42.338733995,-71.0846761883,4.145,328267.154035,4689491.26547,4
1582906598650711339,4649,1582906598650221109,,42.338732265,-71.0846779117,4.164,328267.007353,4689491.07684,4
1582906598846361025,4650,1582906598845546007,,42.338731045,-71.08467981,4.177,328266.847643,4689490.94521,4
1582906599052478100,4651,1582906599051791906,,42.33872982,-71.0846816033,4.156,328266.69657,4689490.8128,4
1582906599262603287,4652,1582906599261431932,,42.3387284033,-71.0846835883,4.142,328266.529185,4689490.6595,4
1582906599454043900,4653,1582906599453468084,,42.33872765,-71.0846856167,4.189,328266.360035,4689490.57995,4
1582906599647344382,4654,1582906599646512985,,42.3387274667,-71.0846876617,4.182,328266.191065,4689490.56372,4
1582906599849879987,4655,1582906599849344015,,42.33872769,-71.08468956,4.164,328266.035284,4689490.59235,4
1582906600052285357,4656,1582906600051736116,,42.33872833,-71.0846913317,4.155,328265.891073,4689490.667,4
1582906600262233746,4657,1582906600261291980,,42.33872913,-71.084693135,4.188,328265.744688,4689490.75947,4
1582906600455134705,4658,1582906600454191923,,42.3387300967,-71.0846946667,4.155,328265.621138,4689490.86991,4
1582906600649289004,4659,1582906600648756980,,42.338731115,-71.0846962867,4.151,328265.490451,4689490.98626,4
1582906600853095294,4660,1582906600852529048,,42.3387320467,-71.084698435,4.156,328265.316004,4689491.09405,4
1582906601057741589,4661,1582906601057151079,,42.3387329067,-71.0847000367,4.194,328265.186396,4689491.19278,4
1582906601263260545,4662,1582906601262667894,,42.3387339283,-71.0847019017,4.216,328265.035535,4689491.31,4
1582906601458355358,4663,1582906601457248926,,42.3387352033,-71.0847040317,4.222,328264.863532,4689491.45588,4
1582906601652497479,4664,1582906601651812076,,42.338736545,-71.084706195,4.232,328264.688965,4689491.60923,4
1582906601858387971,4665,1582906601857552051,,42.338737895,-71.084708415,4.22,328264.509752,4689491.76362,4
1582906602052778442,4666,1582906602052247047,,42.33873917,-71.0847105617,4.232,328264.336376,4689491.90954,4
1582906602258070260,4667,1582906602256947994,,42.3387405283,-71.0847127,4.235,328264.163913,4689492.06469,4
1582906602441192699,4668,1582906602440629959,,42.3387419783,-71.0847148317,4.212,328263.99225,4689492.23,4
1582906602645249241,4669,1582906602644680023,,42.3387436767,-71.0847170833,4.221,328263.811376,4689492.42314,4
1582906602837583521,4670,1582906602837047100,,42.3387451483,-71.0847194817,4.194,328263.617803,4689492.5914,4
1582906603042786271,4671,1582906603041610956,,42.3387464983,-71.08472187,4.184,328263.424722,4689492.74613,4
1582906603256882651,4672,1582906603256321907,,42.3387480467,-71.08472412,4.221,328263.243578,4689492.92261,4
1582906603442293066,4673,1582906603441174983,,42.3387495567,-71.08472616,4.211,328263.079629,4689493.0944,4
1582906603647402691,4674,1582906603646249055,,42.3387511567,-71.0847282767,4.178,328262.90961,4689493.27634,4
1582906603840092773,4675,1582906603839407920,,42.3387527833,-71.0847306017,4.215,328262.7225,4689493.46167,4
1582906604042085587,4676,1582906604041496992,,42.338754245,-71.0847329767,4.187,328262.530822,4689493.62877,4
1582906604248667185,4677,1582906604247509956,,42.33875559,-71.0847355033,4.184,328262.326331,4689493.78323,4
1582906604441739303,4678,1582906604440603971,,42.3387571767,-71.084737535,4.197,328262.163278,4689493.96352,4
1582906604642958139,4679,1582906604642436981,,42.338758765,-71.0847397117,4.188,328261.988284,4689494.14429,4
1582906604845288110,4680,1582906604844187021,,42.3387602967,-71.084741895,4.218,328261.812586,4689494.31878,4
1582906605047477773,4681,1582906605046365022,,42.33876171,-71.08474401,4.21,328261.642196,4689494.47999,4
1582906605250040170,4682,1582906605249501943,,42.338763015,-71.0847463217,4.188,328261.455309,4689494.62957,4
1582906605439478229,4683,1582906605438714981,,42.3387645917,-71.08474848,4.236,328261.281793,4689494.809,4
1582906605640769254,4684,1582906605639574050,,42.3387661233,-71.0847506167,4.215,328261.10994,4689494.9834,4
1582906605842695375,4685,1582906605842149972,,42.33876765,-71.084752865,4.177,328260.928874,4689495.15746,4
1582906606042684956,4686,1582906606042128086,,42.338769135,-71.0847552317,4.205,328260.737946,4689495.32714,4
1582906606244989046,4687,1582906606244438886,,42.338770645,-71.0847573967,4.179,328260.5637,4689495.49919,4
1582906606446294784,4688,1582906606445776939,,42.3387721283,-71.0847600883,4.136,328260.345993,4689495.66934,4
1582906606645027345,4689,1582906606643263101,,42.33877384,-71.0847623667,4.209,328260.162959,4689495.86401,4
1582906606845028050,4690,1582906606843868017,,42.3387752617,-71.0847644183,4.235,328259.997809,4689496.02602,4
1582906607050322488,4691,1582906607049128055,,42.33877674,-71.0847669467,4.211,328259.793544,4689496.19528,4
1582906607251507787,4692,1582906607250968933,,42.338778135,-71.0847692783,4.216,328259.605255,4689496.3549,4
1582906607449326472,4693,1582906607447817087,,42.3387795883,-71.08477168,4.189,328259.411357,4689496.52113,4
1582906607650504445,4694,1582906607649287939,,42.3387811433,-71.08477411,4.236,328259.215402,4689496.69871,4
1582906607839238263,4695,1582906607838460922,,42.3387827817,-71.0847764617,4.222,328259.026128,4689496.88538,4
1582906608042724715,4696,1582906608041115045,,42.33878446,-71.0847789367,4.187,328258.826801,4689497.07675,4
1582906608242568929,4697,1582906608241940975,,42.3387861567,-71.0847813267,4.194,328258.634527,4689497.26998,4
1582906608444490056,4698,1582906608443788051,,42.3387876033,-71.0847836533,4.195,328258.44679,4689497.43532,4
1582906608645113240,4699,1582906608643910884,,42.33878912,-71.084786205,4.18,328258.240708,4689497.60888,4
1582906608843769248,4700,1582906608843126058,,42.3387908217,-71.0847885067,4.201,328258.055725,4689497.80249,4
1582906609051323795,4701,1582906609049557924,,42.3387923933,-71.0847906917,4.191,328257.879999,4689497.98143,4
1582906609253810986,4702,1582906609252775907,,42.338794055,-71.0847930683,4.21,328257.688728,4689498.17074,4
1582906609444877218,4703,1582906609444062948,,42.3387957567,-71.0847954417,4.21,328257.497841,4689498.36449,4
1582906609643921548,4704,1582906609643387079,,42.3387972417,-71.0847979583,4.167,328257.294556,4689498.53447,4
1582906609848076282,4705,1582906609846786975,,42.3387988333,-71.0848004383,4.202,328257.094582,4689498.71622,4
1582906610039922666,4706,1582906610038114070,,42.33880048,-71.0848027817,4.193,328256.906016,4689498.90381,4
1582906610238390588,4707,1582906610237689971,,42.338802155,-71.0848052683,4.159,328256.70572,4689499.09483,4
1582906610442144108,4708,1582906610441054105,,42.33880391,-71.0848077217,4.194,328256.508388,4689499.29466,4
1582906610644395255,4709,1582906610643266916,,42.33880521,-71.0848097667,4.17,328256.343456,4689499.44315,4
1582906610846995277,4710,1582906610845889091,,42.3388067433,-71.0848122583,4.197,328256.142362,4689499.61844,4
1582906611048732401,4711,1582906611047741889,,42.338808315,-71.0848145117,4.193,328255.961006,4689499.79752,4
1582906611253667015,4712,1582906611251960992,,42.3388098167,-71.0848167533,4.21,328255.780422,4689499.96879,4
1582906611444117687,4713,1582906611443196058,,42.3388114017,-71.0848192317,4.216,328255.580567,4689500.1498,4
1582906611644671516,4714,1582906611643599033,,42.338813045,-71.08482139,4.22,328255.407233,4689500.33664,4
1582906611844900723,4715,1582906611843835115,,42.3388144617,-71.0848239217,4.175,328255.202526,4689500.49906,4
1582906612049082439,4716,1582906612047305107,,42.33881623,-71.084826195,4.211,328255.020059,4689500.70002,4
1582906612251160480,4717,1582906612249933004,,42.338817865,-71.0848283883,4.214,328254.843819,4689500.886,4
1582906612444148504,4718,1582906612443043947,,42.3388195283,-71.0848307283,4.183,328254.655574,4689501.07543,4
1582906612644006314,4719,1582906612643028020,,42.3388212633,-71.0848332917,4.193,328254.449125,4689501.27326,4
1582906612846585953,4720,1582906612845479011,,42.3388224217,-71.08483554,4.163,328254.267056,4689501.40643,4
1582906613047794483,4721,1582906613046699047,,42.3388239633,-71.0848381533,4.193,328254.055962,4689501.5829,4
1582906613252562727,4722,1582906613251468896,,42.3388255717,-71.0848401533,4.23,328253.895577,4689501.76553,4
1582906613448249352,4723,1582906613447096109,,42.3388270283,-71.0848422217,4.229,328253.729149,4689501.93146,4
1582906613644887245,4724,1582906613643625974,,42.3388286467,-71.0848442717,4.239,328253.564672,4689502.1153,4
1582906613849261787,4725,1582906613847774982,,42.3388301067,-71.08484585,4.255,328253.438621,4689502.28061,4
1582906614050160912,4726,1582906614049115896,,42.3388315633,-71.084847615,4.243,328253.297183,4689502.44593,4
1582906614249699327,4727,1582906614249097108,,42.3388331633,-71.0848487067,4.254,328253.211605,4689502.6258,4
1582906614449264290,4728,1582906614448538064,,42.3388352083,-71.0848488883,4.252,328253.202207,4689502.85325,4
1582906614646672880,4729,1582906614645493984,,42.3388372517,-71.0848485667,4.238,328253.23427,4689503.0795,4
1582906614852892368,4730,1582906614852294921,,42.3388387183,-71.08484757,4.257,328253.32037,4689503.24035,4
1582906615045101713,4731,1582906615044013977,,42.338840155,-71.084846475,4.258,328253.41449,4689503.39767,4
1582906615261050655,4732,1582906615259926080,,42.3388415633,-71.084845495,4.246,328253.499058,4689503.55207,4
1582906615454526584,4733,1582906615453488111,,42.3388428517,-71.0848441367,4.246,328253.614468,4689503.69239,4
1582906615649510231,4734,1582906615648933887,,42.3388441233,-71.0848427383,4.231,328253.733128,4689503.83077,4
1582906615843680985,4735,1582906615842734098,,42.338845675,-71.0848411567,4.25,328253.867653,4689503.99988,4
1582906616046908634,4736,1582906616046323060,,42.338847095,-71.0848395633,4.22,328254.002781,4689504.15434,4
1582906616244647797,4737,1582906616243823051,,42.33884844,-71.08483774,4.218,328254.156653,4689504.30001,4
1582906616450599464,4738,1582906616449369907,,42.3388500117,-71.0848355467,4.243,328254.341623,4689504.4701,4
1582906616645372294,4739,1582906616644788026,,42.3388514533,-71.0848334533,4.247,328254.518,4689504.62596,4
1582906616849375025,4740,1582906616848788022,,42.3388530683,-71.084831265,4.207,328254.702677,4689504.80087,4
1582906617043185800,4741,1582906617042033910,,42.338854925,-71.08482906,4.223,328254.889384,4689505.00259,4
1582906617260400139,4742,1582906617259342908,,42.3388565483,-71.0848270033,4.201,328255.063235,4689505.17869,4
1582906617448378895,4743,1582906617447294950,,42.3388585183,-71.084825005,4.206,328255.233225,4689505.39341,4
1582906617652710754,4744,1582906617651561975,,42.33885986,-71.084822875,4.239,328255.412352,4689505.53809,4
1582906617846599972,4745,1582906617845992088,,42.3388612067,-71.0848206017,4.21,328255.6033,4689505.68303,4
1582906618048807063,4746,1582906618048264026,,42.3388629767,-71.0848183317,4.233,328255.795126,4689505.87499,4
1582906618254972446,4747,1582906618253828048,,42.3388645617,-71.084816265,4.231,328255.969697,4689506.04682,4
1582906618451737355,4748,1582906618450625896,,42.3388662833,-71.0848145267,4.24,328256.117591,4689506.23449,4
1582906618647177408,4749,1582906618646048069,,42.3388679967,-71.0848123167,4.256,328256.30432,4689506.42028,4
1582906618847759860,4750,1582906618847098112,,42.338869515,-71.0848100917,4.233,328256.491753,4689506.58438,4
1582906619048768071,4751,1582906619047733068,,42.33887119,-71.0848077917,4.22,328256.685792,4689506.76573,4
1582906619256728258,4752,1582906619255547046,,42.3388730733,-71.0848057133,4.249,328256.862137,4689506.97067,4
1582906619451513969,4753,1582906619450458049,,42.338874885,-71.0848040583,4.217,328257.003411,4689507.16849,4
1582906619645698592,4754,1582906619645111083,,42.3388767633,-71.084802255,4.23,328257.157087,4689507.37343,4
1582906619854559084,4755,1582906619853997945,,42.338878275,-71.08480017,4.265,328257.332969,4689507.53707,4
1582906620049924718,4756,1582906620049369096,,42.3388797883,-71.0847980617,4.233,328257.510777,4689507.70086,4
1582906620245419912,4757,1582906620244314908,,42.3388815933,-71.0847958933,4.272,328257.694323,4689507.89691,4
1582906620451201460,4758,1582906620450371026,,42.33888323,-71.08479394,4.262,328257.859698,4689508.07471,4
1582906620656480248,4759,1582906620655272960,,42.3388848167,-71.0847922617,4.255,328258.002282,4689508.2475,4
1582906620851048224,4760,1582906620849371910,,42.338886655,-71.084790235,4.271,328258.174247,4689508.44754,4
1582906621045649571,4761,1582906621044840097,,42.3388880883,-71.0847881183,4.27,328258.352525,4689508.60243,4
1582906621264037002,4762,1582906621262819051,,42.3388896483,-71.0847859667,4.246,328258.53403,4689508.77131,4
1582906621456301601,4763,1582906621455781936,,42.3388912833,-71.08478386,4.272,328258.712033,4689508.94861,4
1582906621655193783,4764,1582906621654073953,,42.3388928433,-71.084781875,4.252,328258.879808,4689509.11782,4
1582906621856951951,4765,1582906621855683088,,42.3388948467,-71.0847799333,4.237,328259.04522,4689509.33636,4
1582906622051409036,4766,1582906622050307989,,42.3388965533,-71.08477785,4.259,328259.221495,4689509.52166,4
1582906622264956362,4767,1582906622264184951,,42.338898285,-71.0847757117,4.245,328259.40237,4689509.70963,4
1582906622456724030,4768,1582906622455885887,,42.3389001233,-71.0847736483,4.234,328259.577356,4689509.9096,4
1582906622653821555,4769,1582906622652781963,,42.3389017683,-71.0847716817,4.256,328259.743852,4689510.08829,4
1582906622851190060,4770,1582906622850511074,,42.338903395,-71.0847698767,4.236,328259.89698,4689510.26527,4
1582906623049593942,4771,1582906623048849105,,42.3389051617,-71.0847679767,4.26,328260.058315,4689510.45761,4
1582906623278034676,4772,1582906623276881933,,42.3389067333,-71.0847659667,4.25,328260.228182,4689510.62807,4
1582906623462283246,4773,1582906623461205959,,42.3389083433,-71.0847640483,4.232,328260.390601,4689510.80298,4
1582906623657797654,4774,1582906623657218933,,42.3389099717,-71.08476202,4.256,328260.562132,4689510.97969,4
1582906623861665587,4775,1582906623860846996,,42.33891149,-71.0847600817,4.247,328260.725949,4689511.14438,4
1582906624058208192,4776,1582906624057579994,,42.3389132767,-71.0847582233,4.238,328260.883906,4689511.33902,4
1582906624269954509,4777,1582906624268855094,,42.338914925,-71.08475621,4.257,328261.054256,4689511.51799,4
1582906624463628255,4778,1582906624462512016,,42.3389164817,-71.0847541267,4.23,328261.230122,4689511.68664,4
1582906624657220556,4779,1582906624656510114,,42.3389181283,-71.0847519667,4.244,328261.41255,4689511.86512,4
1582906624859777509,4780,1582906624858711957,,42.33891973,-71.0847499017,4.266,328261.587029,4689512.0388,4
1582906625065084147,4781,1582906625063875913,,42.338921195,-71.08474809,4.246,328261.740266,4689512.19782,4
1582906625271230154,4782,1582906625269984960,,42.3389228883,-71.0847461083,4.289,328261.908129,4689512.38185,4
1582906625465535029,4783,1582906625464967012,,42.338924485,-71.0847439617,4.284,328262.089323,4689512.55481,4
1582906625660769912,4784,1582906625660263061,,42.33892609,-71.0847417267,4.239,328262.277816,4689512.72852,4
1582906625864869417,4785,1582906625863759994,,42.33892785,-71.0847394267,4.274,328262.472085,4689512.91931,4
1582906626059066847,4786,1582906626057928085,,42.3389296083,-71.0847375617,4.248,328262.630514,4689513.11079,4
1582906626266249698,4787,1582906626265216112,,42.3389312783,-71.0847355067,4.246,328262.804356,4689513.29208,4
1582906626458716836,4788,1582906626458053112,,42.338933065,-71.0847333733,4.254,328262.984968,4689513.48617,4
1582906626664464139,4789,1582906626663701057,,42.3389347117,-71.0847311733,4.249,328263.170691,4689513.66458,4
1582906626858962317,4790,1582906626857877016,,42.3389363767,-71.08472911,4.256,328263.345205,4689513.8453,4
1582906627062777882,4791,1582906627061556100,,42.3389378867,-71.0847270583,4.284,328263.518335,4689514.00883,4
1582906627279916656,4792,1582906627278706073,,42.338939405,-71.0847250717,4.254,328263.686134,4689514.17341,4
1582906627463402253,4793,1582906627462397098,,42.3389412567,-71.0847226517,4.289,328263.890539,4689514.37414,4
1582906627657852934,4794,1582906627657030105,,42.3389427667,-71.084720495,4.283,328264.07232,4689514.53746,4
1582906627864558732,4795,1582906627864038944,,42.3389445117,-71.0847183233,4.235,328264.255977,4689514.72684,4
1582906628057994595,4796,1582906628057432889,,42.338946295,-71.0847160683,4.293,328264.446603,4689514.92031,4
1582906628263902872,4797,1582906628262825012,,42.3389479367,-71.0847144267,4.262,328264.586315,4689515.09929,4
1582906628467829028,4798,1582906628467261075,,42.3389498967,-71.08471245,4.256,328264.754493,4689515.31294,4
1582906628665230979,4799,1582906628664165973,,42.3389516117,-71.0847101583,4.28,328264.947953,4689515.49875,4
1582906628855560652,4800,1582906628854984998,,42.3389531433,-71.0847080717,4.254,328265.124027,4689515.66461,4
1582906629063756005,4801,1582906629062874078,,42.3389549467,-71.0847057817,4.252,328265.31759,4689515.86024,4
1582906629269304813,4802,1582906629268366098,,42.3389566767,-71.08470381,4.282,328265.48473,4689516.04836,4
1582906629463403190,4803,1582906629462901115,,42.338958435,-71.0847019967,4.235,328265.638902,4689516.23994,4
1582906629666411597,4804,1582906629665673971,,42.3389602533,-71.0846997733,4.268,328265.827014,4689516.43737,4
1582906629861036662,4805,1582906629859968900,,42.33896193,-71.0846978367,4.264,328265.991125,4689516.61963,4
1582906630067363517,4806,1582906630066292047,,42.3389636933,-71.0846956567,4.226,328266.175518,4689516.81104,4
1582906630280704088,4807,1582906630280041933,,42.3389654917,-71.0846933183,4.241,328266.37305,4689517.006,4
1582906630467227127,4808,1582906630466736078,,42.338967235,-71.0846912367,4.209,328266.549287,4689517.19538,4
1582906630661109491,4809,1582906630660028934,,42.3389691783,-71.0846892917,4.19,328266.71481,4689517.40725,4
1582906630864161676,4810,1582906630863620042,,42.338970815,-71.0846873383,4.218,328266.880185,4689517.58504,4
1582906631058548183,4811,1582906631057502031,,42.33897245,-71.084685395,4.21,328267.044731,4689517.76267,4
1582906631276972785,4812,1582906631275899887,,42.3389741183,-71.0846834467,4.223,328267.20978,4689517.94399,4
1582906631463920661,4813,1582906631463190078,,42.3389757367,-71.0846814583,4.238,328267.377988,4689518.11968,4
1582906631661518544,4814,1582906631660408973,,42.3389773833,-71.08467953,4.212,328267.541331,4689518.29864,4
1582906631867525767,4815,1582906631866472959,,42.3389791567,-71.0846774667,4.218,328267.71614,4689518.49138,4
1582906632066283303,4816,1582906632065469026,,42.3389807283,-71.0846754167,4.204,328267.889301,4689518.66176,4
1582906632265517864,4817,1582906632264592885,,42.3389824067,-71.0846734233,4.169,328268.058084,4689518.8441,4
1582906632462456142,4818,1582906632461930036,,42.3389842633,-71.0846712217,4.175,328268.244516,4689519.04583,4
1582906632667240869,4819,1582906632666078090,,42.3389857267,-71.0846693433,4.157,328268.40324,4689519.20452,4
1582906632866048457,4820,1582906632864974975,,42.338987305,-71.0846674033,4.101,328268.567357,4689519.37587,4
1582906633070965867,4821,1582906633070162057,,42.338988895,-71.0846655167,4.105,328268.727113,4689519.54862,4
1582906633282293867,4822,1582906633281124114,,42.33899036,-71.08466367,4.089,328268.883233,4689519.70756,4
1582906633468244051,4823,1582906633467164039,,42.33899209,-71.08466136,4.057,328269.078244,4689519.895,4
1582906633668155995,4824,1582906633667588949,,42.3389937817,-71.084659295,4.073,328269.252968,4689520.07868,4
1582906633863435638,4825,1582906633862360000,,42.338995565,-71.0846574367,4.01,328269.410916,4689520.27295,4
1582906634070336139,4826,1582906634069224119,,42.3389973,-71.0846553483,4.043,328269.587679,4689520.46139,4
1582906634270341033,4827,1582906634269264936,,42.3389988717,-71.0846532,4.022,328269.768941,4689520.63157,4
1582906634474845482,4828,1582906634473666906,,42.3390005033,-71.0846511983,4.008,328269.938284,4689520.80871,4
1582906634671456438,4829,1582906634670922994,,42.3390022417,-71.08464872,4.036,328270.147186,4689520.99674,4
1582906634865644324,4830,1582906634864873886,,42.3390038767,-71.0846465483,4.021,328270.330543,4689521.17391,4
1582906635071696155,4831,1582906635070576906,,42.3390056633,-71.0846445133,4.006,328270.503053,4689521.36819,4
1582906635283877545,4832,1582906635283104896,,42.33900729,-71.0846420983,4.035,328270.706434,4689521.54394,4
1582906635470466851,4833,1582906635469410896,,42.3390089783,-71.0846400567,4.011,328270.879226,4689521.7273,4
1582906635673657770,4834,1582906635671783924,,42.3390107717,-71.0846379533,4.04,328271.057384,4689521.92218,4
1582906635867473114,4835,1582906635866741895,,42.3390126,-71.0846359883,4.028,328271.224241,4689522.12124,4
1582906636075546710,4836,1582906636073867082,,42.33901437,-71.084633925,4.014,328271.399041,4689522.31362,4
1582906636288798484,4837,1582906636287719964,,42.339016235,-71.0846315783,4.041,328271.59744,4689522.51597,4
1582906636464364354,4838,1582906636463259935,,42.339017875,-71.0846293133,4.043,328271.7885,4689522.6935,4
1582906636671072964,4839,1582906636669929981,,42.33901963,-71.084627125,4.017,328271.973556,4689522.88396,4
1582906636865573497,4840,1582906636865025997,,42.3390213833,-71.0846246317,4.038,328272.183734,4689523.07362,4
1582906637081938487,4841,1582906637080157995,,42.3390230183,-71.0846227133,4.014,328272.346221,4689523.2513,4
1582906637284465116,4842,1582906637283679962,,42.3390249517,-71.0846204733,4.032,328272.536019,4689523.46146,4
1582906637467770241,4843,1582906637467231988,,42.3390268067,-71.0846184067,4.051,328272.711324,4689523.66327,4
1582906637674816345,4844,1582906637672754049,,42.3390285717,-71.08461649,4.018,328272.874027,4689523.85539,4
1582906637866598111,4845,1582906637866017103,,42.3390304117,-71.0846144333,4.056,328273.048468,4689524.05555,4
1582906638075369231,4846,1582906638074152946,,42.33903238,-71.0846124317,4.053,328273.218727,4689524.27008,4
1582906638272901373,4847,1582906638272011995,,42.3390343433,-71.0846104033,4.042,328273.391169,4689524.484,4
1582906638466815571,4848,1582906638466195106,,42.339036255,-71.0846081783,4.068,328273.579673,4689524.69178,4
1582906638674406004,4849,1582906638672831058,,42.3390379183,-71.0846059567,4.088,328273.767226,4689524.87199,4
1582906638867987373,4850,1582906638867252111,,42.3390397383,-71.08460368,4.104,328273.959736,4689525.06949,4
1582906639074854971,4851,1582906639073009967,,42.3390414983,-71.084601515,4.144,328274.142883,4689525.26055,4
1582906639291606446,4852,1582906639288786888,,42.3390432433,-71.0845993167,4.137,328274.328736,4689525.44988,4
1582906639473926370,4853,1582906639472295045,,42.3390449983,-71.0845971583,4.178,328274.511321,4689525.6404,4
1582906639667737905,4854,1582906639666635036,,42.3390465083,-71.0845949183,4.177,328274.699966,4689525.80355,4
1582906639871421159,4855,1582906639870855093,,42.3390481883,-71.0845924983,4.13,328274.903903,4689525.98522,4
1582906640068251058,4856,1582906640067683935,,42.3390499733,-71.0845902667,4.163,328275.092611,4689526.17892,4
1582906640283740427,4857,1582906640283181905,,42.3390516283,-71.0845884317,4.153,328275.248287,4689526.35899,4
1582906640470196503,4858,1582906640469099044,,42.339053365,-71.08458643,4.18,328275.417915,4689526.54779,4
1582906640666935801,4859,1582906640666131973,,42.3390550533,-71.084584225,4.193,328275.604163,4689526.73081,4
1582906640872215942,4860,1582906640871479034,,42.3390566967,-71.0845817667,4.151,328275.811158,4689526.90833,4
1582906641069140420,4861,1582906641068337917,,42.339058465,-71.0845792617,4.177,328276.022338,4689527.09963,4
1582906641284441298,4862,1582906641282854080,,42.3390599483,-71.0845770967,4.199,328276.204732,4689527.25997,4
1582906641467258478,4863,1582906641466505050,,42.3390618233,-71.0845750267,4.168,328276.380366,4689527.46399,4
1582906641676316335,4864,1582906641674568891,,42.3390637217,-71.0845728717,4.194,328276.563067,4689527.67044,4
1582906641870979623,4865,1582906641870415925,,42.3390655117,-71.0845707017,4.188,328276.746708,4689527.86482,4
1582906642067814960,4866,1582906642066751956,,42.3390672817,-71.084568615,4.158,328276.923429,4689528.05715,4
1582906642282748340,4867,1582906642281584978,,42.3390691017,-71.08456657,4.193,328277.096854,4689528.25512,4
1582906642466432047,4868,1582906642465801954,,42.33907091,-71.0845645883,4.135,328277.26503,4689528.45192,4
1582906642671704888,4869,1582906642670972108,,42.3390728217,-71.08456242,4.163,328277.448864,4689528.65981,4
1582906642875165750,4870,1582906642873816013,,42.3390744633,-71.08456014,4.167,328277.641164,4689528.8375,4
1582906643070816136,4871,1582906643070241928,,42.3390761367,-71.0845579733,4.155,328277.824212,4689529.01894,4
1582906643275239394,4872,1582906643273933887,,42.3390780017,-71.0845558367,4.175,328278.005311,4689529.22172,4
1582906643471178219,4873,1582906643470647096,,42.33907974,-71.084553875,4.159,328278.171649,4689529.41078,4
1582906643664318608,4874,1582906643662971973,,42.3390815733,-71.0845519617,4.152,328278.334263,4689529.6105,4
1582906643867923183,4875,1582906643866971015,,42.3390832017,-71.0845498683,4.184,328278.511148,4689529.78708,4
1582906644075473886,4876,1582906644074081897,,42.3390847533,-71.084547715,4.161,328278.692767,4689529.95504,4
1582906644285777015,4877,1582906644284805059,,42.33908665,-71.084545445,4.149,328278.884936,4689530.16106,4
1582906644469538165,4878,1582906644468518018,,42.3390886483,-71.084543385,4.158,328279.060082,4689530.3788,4
1582906644675599989,4879,1582906644674253940,,42.339090535,-71.08454165,4.11,328279.20815,4689530.5848,4
1582906644871733297,4880,1582906644870105028,,42.3390924383,-71.0845394317,4.165,328279.396082,4689530.79167,4
1582906645077808348,4881,1582906645076719045,,42.3390940817,-71.0845372517,4.146,328279.580147,4689530.96975,4
1582906645285938415,4882,1582906645284976005,,42.33909573,-71.0845350567,4.132,328279.765462,4689531.14835,4
1582906645470846134,4883,1582906645469760894,,42.3390975467,-71.0845328983,4.157,328279.948214,4689531.34572,4
1582906645675821019,4884,1582906645674793958,,42.3390991817,-71.0845311233,4.152,328280.098892,4689531.52368,4
1582906645870361640,4885,1582906645869864940,,42.3391010433,-71.0845292233,4.15,328280.260485,4689531.72657,4
1582906646068038405,4886,1582906646066457033,,42.33910271,-71.0845269117,4.169,328280.455461,4689531.90697,4
1582906646279137211,4887,1582906646278651952,,42.3391044517,-71.0845246633,4.137,328280.645423,4689532.09583,4
1582906646472845198,4888,1582906646472012042,,42.339106315,-71.084522435,4.122,328280.834069,4689532.29824,4
1582906646666311107,4889,1582906646665393114,,42.339107945,-71.084520065,4.132,328281.033751,4689532.47445,4
1582906646874908033,4890,1582906646873764038,,42.339109465,-71.0845178267,4.125,328281.222286,4689532.63872,4
1582906647072025433,4891,1582906647070449113,,42.3391112167,-71.0845155833,4.118,328281.411864,4689532.8287,4
1582906647282489371,4892,1582906647281588077,,42.3391129,-71.08451336,4.132,328281.599608,4689533.01113,4
1582906647467326650,4893,1582906647466384887,,42.3391144883,-71.0845114033,4.121,328281.765125,4689533.18355,4
1582906647670676861,4894,1582906647669917106,,42.339116545,-71.084509365,4.124,328281.938644,4689533.40781,4
1582906647870560466,4895,1582906647869765996,,42.3391181683,-71.0845076283,4.095,328282.086133,4689533.58456,4
1582906648076384146,4896,1582906648075381994,,42.3391200783,-71.08450562,4.115,328282.256782,4689533.7926,4
1582906648272888906,4897,1582906648271401882,,42.3391216017,-71.0845033283,4.131,328282.44972,4689533.95712,4
1582906648476572618,4898,1582906648475563049,,42.3391230783,-71.0845010667,4.122,328282.640059,4689534.11653,4
1582906648671098281,4899,1582906648670419931,,42.33912487,-71.0844989483,4.161,328282.819448,4689534.3112,4
1582906648873956285,4900,1582906648873274087,,42.3391265667,-71.08449701,4.15,328282.983749,4689534.49569,4
1582906649070707109,4901,1582906649069871902,,42.33912848,-71.0844950067,4.098,328283.153996,4689534.7041,4
1582906649290208248,4902,1582906649289047002,,42.33913008,-71.084492685,4.155,328283.349614,4689534.87708,4
1582906649475352207,4903,1582906649474245071,,42.3391316783,-71.0844906567,4.138,328283.521062,4689535.05047,4
1582906649671817250,4904,1582906649670196056,,42.3391334783,-71.0844885117,4.129,328283.70267,4689535.24601,4
1582906649874435942,4905,1582906649873923063,,42.33913531,-71.0844865067,4.152,328283.872831,4689535.44536,4
1582906650069525498,4906,1582906650067903041,,42.339137045,-71.0844847217,4.131,328284.024605,4689535.63441,4
1582906650279772002,4907,1582906650278678894,,42.339138875,-71.0844829417,4.166,328284.176226,4689535.83402,4
1582906650474010650,4908,1582906650472837924,,42.33914044,-71.0844809433,4.174,328284.345112,4689536.00377,4
1582906650679971759,4909,1582906650678822040,,42.3391421,-71.0844789733,4.155,328284.511922,4689536.18412,4
1582906650875342883,4910,1582906650874133110,,42.3391439,-71.0844769417,4.194,328284.684194,4689536.37989,4
1582906651071205813,4911,1582906651070638895,,42.3391455417,-71.0844754167,4.192,328284.814294,4689536.55911,4
1582906651286498670,4912,1582906651285921096,,42.3391474833,-71.0844737183,4.18,328284.959491,4689536.77129,4
1582906651471045964,4913,1582906651470283031,,42.3391490367,-71.0844717583,4.192,328285.125187,4689536.93981,4
1582906651676684818,4914,1582906651675616025,,42.33915052,-71.0844696533,4.185,328285.302638,4689537.10028,4
1582906651870696364,4915,1582906651869937896,,42.3391523683,-71.0844675317,4.172,328285.482456,4689537.30123,4
1582906652077655803,4916,1582906652076194047,,42.339154025,-71.0844655517,4.181,328285.650081,4689537.4812,4
1582906652285365671,4917,1582906652284260034,,42.3391555967,-71.0844638567,4.172,328285.793996,4689537.65229,4
1582906652474126974,4918,1582906652473388910,,42.339157175,-71.0844621017,4.181,328285.942872,4689537.82401,4
1582906652669445539,4919,1582906652668747901,,42.3391580333,-71.08446014,4.204,328286.106813,4689537.91536,4
1582906652877904067,4920,1582906652876673936,,42.3391587933,-71.084458155,4.197,328286.27241,4689537.99574,4
1582906653074070848,4921,1582906653073529958,,42.339159385,-71.084455965,4.211,328286.454436,4689538.05702,4
1582906653286990568,4922,1582906653285341978,,42.3391593717,-71.0844537117,4.227,328286.640032,4689538.05099,4
1582906653471225843,4923,1582906653470662117,,42.339158895,-71.0844520683,4.219,328286.774115,4689537.99474,4
1582906653677474041,4924,1582906653676285982,,42.339158465,-71.0844506017,4.242,328286.893771,4689537.94403,4
1582906653871677351,4925,1582906653871107101,,42.339157475,-71.0844492567,4.224,328287.001879,4689537.83138,4
1582906654079593100,4926,1582906654078497886,,42.339156495,-71.0844476783,4.235,328287.129237,4689537.71937,4
1582906654285894485,4927,1582906654284775972,,42.3391555883,-71.0844458817,4.233,328287.274781,4689537.61507,4
1582906654471581070,4928,1582906654471010923,,42.3391544983,-71.084443865,4.212,328287.43795,4689537.48996,4
1582906654679214253,4929,1582906654678150892,,42.3391535267,-71.0844415717,4.207,328287.624234,4689537.37743,4
1582906654874795748,4930,1582906654873575925,,42.3391523983,-71.0844396867,4.231,328287.776452,4689537.24833,4
1582906655079512350,4931,1582906655078984022,,42.3391510733,-71.084437735,4.224,328287.933626,4689537.09726,4
1582906655294317973,4932,1582906655293423891,,42.33914969,-71.0844356,4.223,328288.105745,4689536.93934,4
1582906655481842755,4933,1582906655480870008,,42.33914821,-71.0844335383,4.221,328288.27156,4689536.77083,4
1582906655678244129,4934,1582906655677192926,,42.33914672,-71.0844314033,4.191,328288.443389,4689536.60107,4
1582906655871873318,4935,1582906655871184110,,42.339145435,-71.0844290067,4.223,328288.637332,4689536.45354,4
1582906656076762546,4936,1582906656075999975,,42.3391442183,-71.0844269183,4.218,328288.806061,4689536.31422,4
1582906656287820417,4937,1582906656286808013,,42.3391426767,-71.0844250417,4.205,328288.956467,4689536.13924,4
1582906656474146577,4938,1582906656473054885,,42.3391411683,-71.0844227083,4.222,328289.144585,4689535.96704,4
1582906656677436086,4939,1582906656676434993,,42.3391397667,-71.0844203867,4.217,328289.332032,4689535.80671,4
1582906656874726212,4940,1582906656874181985,,42.339138305,-71.084417985,4.198,328289.525906,4689535.63955,4
1582906657081077069,4941,1582906657080346107,,42.33913666,-71.0844159167,4.214,328289.691821,4689535.45271,4
1582906657300744260,4942,1582906657299725055,,42.3391349983,-71.0844140167,4.202,328289.843823,4689535.26436,4
1582906657484835868,4943,1582906657483786106,,42.3391334467,-71.0844118417,4.23,328290.018779,4689535.08766,4
1582906657680559833,4944,1582906657679442882,,42.3391319633,-71.0844096717,4.247,328290.19351,4689534.91857,4
1582906657872548980,4945,1582906657872052907,,42.3391303167,-71.0844075333,4.21,328290.365187,4689534.7314,4
1582906658070725475,4946,1582906658069665908,,42.3391286183,-71.084405155,4.238,328290.556495,4689534.53801,4
1582906658287150476,4947,1582906658286624908,,42.3391269483,-71.08440314,4.228,328290.717948,4689534.3485,4
1582906658472800014,4948,1582906658471720933,,42.33912544,-71.0844011267,4.232,328290.879704,4689534.17694,4
1582906658682749709,4949,1582906658681920051,,42.3391239417,-71.0843988033,4.26,328291.067025,4689534.00587,4
1582906658872397889,4950,1582906658871469020,,42.3391226233,-71.0843964783,4.234,328291.254974,4689533.85479,4
1582906659083335194,4951,1582906659082243919,,42.3391211517,-71.08439401,4.219,328291.454313,4689533.68639,4
1582906659300811351,4952,1582906659300045967,,42.3391196017,-71.0843918983,4.229,328291.624056,4689533.51001,4
1582906659474162179,4953,1582906659473134040,,42.3391179483,-71.0843899117,4.23,328291.783221,4689533.3224,4
1582906659682853161,4954,1582906659682255029,,42.3391163117,-71.0843875733,4.221,328291.971401,4689533.13594,4
1582906659880648489,4955,1582906659879003047,,42.3391149017,-71.0843853733,4.242,328292.148803,4689532.97493,4
1582906660083595886,4956,1582906660082549095,,42.33911356,-71.08438304,4.208,328292.337375,4689532.82124,4
1582906660283518845,4957,1582906660282454013,,42.3391121617,-71.0843805867,4.234,328292.535678,4689532.66101,4
1582906660477669025,4958,1582906660476146936,,42.3391104683,-71.0843784217,4.221,328292.709425,4689532.4686,4
1582906660683293061,4959,1582906660682624101,,42.3391088067,-71.0843761567,4.184,328292.891496,4689532.27951,4
1582906660882763430,4960,1582906660882184982,,42.339107185,-71.0843736383,4.201,328293.094547,4689532.09436,4
1582906661083598487,4961,1582906661082962036,,42.3391060783,-71.08437163,4.216,328293.256984,4689531.96741,4
1582906661300393131,4962,1582906661299350976,,42.339104905,-71.0843693867,4.213,328293.4386,4689531.83259,4
1582906661484187811,4963,1582906661483576059,,42.3391035067,-71.084367365,4.249,328293.601342,4689531.67324,4
1582906661677993711,4964,1582906661676451921,,42.3391016867,-71.0843653167,4.239,328293.765133,4689531.467,4
1582906661882959200,4965,1582906661881899118,,42.33910005,-71.0843632817,4.207,328293.928324,4689531.28115,4
1582906662082107753,4966,1582906662080744981,,42.3390984517,-71.0843609783,4.243,328294.113726,4689531.09902,4
1582906662283495614,4967,1582906662282424926,,42.3390969867,-71.0843588117,4.204,328294.288232,4689530.93197,4
1582906662483318807,4968,1582906662482213020,,42.339095615,-71.0843562533,4.22,328294.495258,4689530.77449,4
1582906662684544264,4969,1582906662684015035,,42.3390939367,-71.0843540433,4.212,328294.672753,4689530.58366,4
1582906662883160635,4970,1582906662882626056,,42.33909231,-71.0843518483,4.195,328294.849153,4689530.3986,4
1582906663085870588,4971,1582906663085160017,,42.3390907167,-71.084349265,4.199,328295.057635,4689530.21645,4
1582906663292441094,4972,1582906663291616916,,42.33908917,-71.0843468983,4.21,328295.248395,4689530.03993,4
1582906663483480026,4973,1582906663482709884,,42.3390878317,-71.084344315,4.164,328295.457571,4689529.8861,4
1582906663685497243,4974,1582906663684411048,,42.3390861583,-71.0843419233,4.193,328295.650046,4689529.69546,4
1582906663883626570,4975,1582906663882837057,,42.3390845317,-71.0843397483,4.176,328295.824799,4689529.51044,4
1582906664076135984,4976,1582906664074517011,,42.3390828367,-71.0843372817,4.153,328296.023393,4689529.31724,4
1582906664279740498,4977,1582906664278680086,,42.3390811767,-71.08433493,4.203,328296.212609,4689529.12816,4
1582906664481136276,4978,1582906664480076074,,42.339079785,-71.0843328033,4.202,328296.384019,4689528.96933,4
1582906664677849344,4979,1582906664677134037,,42.3390783033,-71.0843303983,4.233,328296.578114,4689528.79995,4
1582906664881039100,4980,1582906664880198955,,42.3390766817,-71.08432822,4.211,328296.753155,4689528.61548,4
1582906665072992250,4981,1582906665072037935,,42.33907499,-71.0843260133,4.174,328296.930339,4689528.42317,4
1582906665289802083,4982,1582906665288753986,,42.3390732083,-71.0843235333,4.211,328297.129796,4689528.22032,4
1582906665472044510,4983,1582906665471333980,,42.3390720033,-71.08432107,4.183,328297.329449,4689528.08154,4
1582906665673600409,4984,1582906665672806024,,42.3390706567,-71.0843186033,4.187,328297.528992,4689527.92703,4
1582906665875927832,4985,1582906665874777078,,42.3390691867,-71.0843163467,4.197,328297.710899,4689527.75924,4
1582906666079028272,4986,1582906666078469038,,42.33906756,-71.0843142283,4.188,328297.880983,4689527.57433,4
1582906666286971644,4987,1582906666285803079,,42.339065935,-71.08431173,4.189,328298.082377,4689527.38884,4
1582906666478778547,4988,1582906666478374958,,42.339064325,-71.0843093917,4.2,328298.27063,4689527.20534,4
1582906666684250786,4989,1582906666683577060,,42.3390628833,-71.0843070967,4.16,328298.455772,4689527.04062,4
1582906666878098809,4990,1582906666876941919,,42.33906131,-71.0843048367,4.194,328298.637672,4689526.86135,4
1582906667084664458,4991,1582906667084081888,,42.339059705,-71.0843029967,4.178,328298.784886,4689526.67941,4
1582906667304663701,4992,1582906667303888082,,42.3390581367,-71.0843010267,4.148,328298.942909,4689526.50128,4
1582906667475898220,4993,1582906667475059032,,42.33905653,-71.0842990017,4.182,328299.105359,4689526.31878,4
1582906667683804129,4994,1582906667682642936,,42.3390552117,-71.08429689,4.163,328299.275733,4689526.16813,4
1582906667884162338,4995,1582906667883075952,,42.3390538617,-71.08429532,4.178,328299.401398,4689526.01505,4
1582906668083974359,4996,1582906668083194971,,42.339052355,-71.0842946083,4.205,328299.455925,4689525.84631,4
1582906668272273881,4997,1582906668271195888,,42.3390509867,-71.0842939033,4.164,328299.51028,4689525.69294,4
1582906668483776602,4998,1582906668482995033,,42.33904966,-71.0842939733,4.194,328299.500902,4689525.54577,4
1582906668679420607,4999,1582906668678634881,,42.3390486433,-71.084294575,4.194,328299.448569,4689525.43409,4
1582906668879440245,5000,1582906668878812074,,42.33904756,-71.0842954933,4.172,328299.369966,4689525.31565,4
1582906669075538229,5001,1582906669074577093,,42.33904691,-71.0842962333,4.151,328299.307234,4689525.24497,4
1582906669287309458,5002,1582906669286384105,,42.339046315,-71.0842972633,4.123,328299.220762,4689525.18098,4
1582906669477935342,5003,1582906669477174043,,42.3390456083,-71.0842981167,4.105,328299.148539,4689525.10423,4
1582906669669806885,5004,1582906669668350934,,42.339045125,-71.0842986833,4.131,328299.100541,4689525.0517,4
1582906669878055769,5005,1582906669877089023,,42.3390448133,-71.0842990583,4.097,328299.068799,4689525.01785,4
1582906670075724073,5006,1582906670074942111,,42.3390446567,-71.0842994267,4.045,328299.038029,4689525.0012,4
1582906670291262135,5007,1582906670290955066,,42.3390445317,-71.08429946,4.009,328299.034943,4689524.98739,4
1582906670472074144,5008,1582906670471503019,,42.3390442167,-71.0842995667,4.006,328299.025298,4689524.95262,4
1582906670673177733,5009,1582906670672476053,,42.3390442433,-71.084299515,3.978,328299.029627,4689524.95548,4
1582906670885223816,5010,1582906670884881973,,42.3390442817,-71.08429954,3.955,328299.027672,4689524.95979,4
1582906671081914238,5011,1582906671081428050,,42.3390444367,-71.0842993617,3.932,328299.042785,4689524.97664,4
1582906671303290361,5012,1582906671302783966,,42.3390445233,-71.0842992567,3.934,328299.051671,4689524.98605,4
1582906671479288944,5013,1582906671478682041,,42.339044515,-71.0842991,3.933,328299.064555,4689524.98481,4
1582906671683527239,5014,1582906671682638883,,42.3390445417,-71.084298895,3.921,328299.081516,4689524.98736,4
1582906671874592164,5015,1582906671873925924,,42.3390445183,-71.0842988667,3.92,328299.083786,4689524.98471,4
